{
  "properties": {
    "connectionReferences": {
      "shared_sharepointonline": {
        "runtimeSource": "invoker",
        "connection": {
          "connectionReferenceLogicalName": "new_sharedsharepointonline_98488"
        },
        "api": {
          "name": "shared_sharepointonline"
        }
      },
      "shared_commondataserviceforapps": {
        "runtimeSource": "embedded",
        "connection": {
          "connectionReferenceLogicalName": "cr259_sharedcommondataserviceforapps_38b0f"
        },
        "api": {
          "name": "shared_commondataserviceforapps"
        }
      }
    },
    "definition": {
      "$schema": "https://schema.management.azure.com/providers/Microsoft.Logic/schemas/2016-06-01/workflowdefinition.json#",
      "contentVersion": "1.0.0.0",
      "parameters": {
        "$connections": {
          "defaultValue": {},
          "type": "Object"
        },
        "$authentication": {
          "defaultValue": {},
          "type": "SecureObject"
        }
      },
      "triggers": {
        "manual": {
          "metadata": {
            "operationMetadataId": "dbfd65fa-2da4-4e8b-9002-14c4f50b1d1d"
          },
          "type": "Request",
          "kind": "PowerAppV2",
          "inputs": {
            "schema": {
              "type": "object",
              "properties": {
                "text": {
                  "description": "Please enter your input",
                  "title": "spsite",
                  "type": "string",
                  "x-ms-content-hint": "TEXT",
                  "x-ms-dynamically-added": true
                },
                "text_1": {
                  "description": "Please enter your input",
                  "title": "rowid",
                  "type": "string",
                  "x-ms-content-hint": "TEXT",
                  "x-ms-dynamically-added": true
                }
              },
              "required": [
                "text",
                "text_1"
              ]
            }
          }
        }
      },
      "actions": {
        "Initialize_var_spsite": {
          "runAfter": {},
          "metadata": {
            "operationMetadataId": "8132f2d0-6c56-4b1d-b08a-8e351ad8846a"
          },
          "type": "InitializeVariable",
          "inputs": {
            "variables": [
              {
                "name": "spsite",
                "type": "string",
                "value": "@triggerBody()?['text']"
              }
            ]
          }
        },
        "Send_an_HTTP_request_to_SharePoint_2": {
          "runAfter": {
            "Initialize_var_filesCount": [
              "Succeeded"
            ]
          },
          "metadata": {
            "operationMetadataId": "c61b3a7c-8630-4c72-8bd1-61908a65ef24"
          },
          "type": "OpenApiConnection",
          "inputs": {
            "host": {
              "connectionName": "shared_sharepointonline",
              "operationId": "HttpRequest",
              "apiId": "/providers/Microsoft.PowerApps/apis/shared_sharepointonline"
            },
            "parameters": {
              "dataset": "@variables('spsite')",
              "parameters/method": "GET",
              "parameters/uri": "_api/web/lists?$filter=BaseTemplate eq 101 and (Title ne 'Form Templates' and Title ne 'Site Assets' and Title ne 'Style Library')",
              "parameters/headers": {
                "Accept": "application/json;odata=nometadata"
              }
            },
            "authentication": "@parameters('$authentication')"
          },
          "description": "basetemplate 101 identifies a document library"
        },
        "Parse_JSON": {
          "runAfter": {
            "Send_an_HTTP_request_to_SharePoint_2": [
              "Succeeded"
            ]
          },
          "metadata": {
            "operationMetadataId": "452855f4-4024-4b67-988a-a94318df8890"
          },
          "type": "ParseJson",
          "inputs": {
            "content": "@body('Send_an_HTTP_request_to_SharePoint_2')",
            "schema": {
              "type": "object",
              "properties": {
                "value": {
                  "type": "array",
                  "items": {
                    "type": "object",
                    "properties": {
                      "AllowContentTypes": {
                        "type": "boolean"
                      },
                      "BaseTemplate": {
                        "type": "integer"
                      },
                      "BaseType": {
                        "type": "integer"
                      },
                      "ContentTypesEnabled": {
                        "type": "boolean"
                      },
                      "CrawlNonDefaultViews": {
                        "type": "boolean"
                      },
                      "Created": {
                        "type": "string"
                      },
                      "CurrentChangeToken": {
                        "type": "object",
                        "properties": {
                          "StringValue": {
                            "type": "string"
                          }
                        }
                      },
                      "DefaultContentApprovalWorkflowId": {
                        "type": "string"
                      },
                      "DefaultItemOpenUseListSetting": {
                        "type": "boolean"
                      },
                      "Description": {
                        "type": "string"
                      },
                      "Direction": {
                        "type": "string"
                      },
                      "DisableCommenting": {
                        "type": "boolean"
                      },
                      "DisableGridEditing": {
                        "type": "boolean"
                      },
                      "DocumentTemplateUrl": {
                        "type": "string"
                      },
                      "DraftVersionVisibility": {
                        "type": "integer"
                      },
                      "EnableAttachments": {
                        "type": "boolean"
                      },
                      "EnableFolderCreation": {
                        "type": "boolean"
                      },
                      "EnableMinorVersions": {
                        "type": "boolean"
                      },
                      "EnableModeration": {
                        "type": "boolean"
                      },
                      "EnableRequestSignOff": {
                        "type": "boolean"
                      },
                      "EnableVersioning": {
                        "type": "boolean"
                      },
                      "EntityTypeName": {
                        "type": "string"
                      },
                      "ExemptFromBlockDownloadOfNonViewableFiles": {
                        "type": "boolean"
                      },
                      "FileSavePostProcessingEnabled": {
                        "type": "boolean"
                      },
                      "ForceCheckout": {
                        "type": "boolean"
                      },
                      "HasExternalDataSource": {
                        "type": "boolean"
                      },
                      "Hidden": {
                        "type": "boolean"
                      },
                      "Id": {
                        "type": "string"
                      },
                      "ImagePath": {
                        "type": "object",
                        "properties": {
                          "DecodedUrl": {
                            "type": "string"
                          }
                        }
                      },
                      "ImageUrl": {
                        "type": "string"
                      },
                      "DefaultSensitivityLabelForLibrary": {
                        "type": "string"
                      },
                      "SensitivityLabelToEncryptOnDownloadForLibrary": {},
                      "IrmEnabled": {
                        "type": "boolean"
                      },
                      "IrmExpire": {
                        "type": "boolean"
                      },
                      "IrmReject": {
                        "type": "boolean"
                      },
                      "IsApplicationList": {
                        "type": "boolean"
                      },
                      "IsCatalog": {
                        "type": "boolean"
                      },
                      "IsPrivate": {
                        "type": "boolean"
                      },
                      "ItemCount": {
                        "type": "integer"
                      },
                      "LastItemDeletedDate": {
                        "type": "string"
                      },
                      "LastItemModifiedDate": {
                        "type": "string"
                      },
                      "LastItemUserModifiedDate": {
                        "type": "string"
                      },
                      "ListExperienceOptions": {
                        "type": "integer"
                      },
                      "ListItemEntityTypeFullName": {
                        "type": "string"
                      },
                      "MajorVersionLimit": {
                        "type": "integer"
                      },
                      "MajorWithMinorVersionsLimit": {
                        "type": "integer"
                      },
                      "MultipleDataList": {
                        "type": "boolean"
                      },
                      "NoCrawl": {
                        "type": "boolean"
                      },
                      "ParentWebPath": {
                        "type": "object",
                        "properties": {
                          "DecodedUrl": {
                            "type": "string"
                          }
                        }
                      },
                      "ParentWebUrl": {
                        "type": "string"
                      },
                      "ParserDisabled": {
                        "type": "boolean"
                      },
                      "ServerTemplateCanCreateFolders": {
                        "type": "boolean"
                      },
                      "TemplateFeatureId": {
                        "type": "string"
                      },
                      "Title": {
                        "type": "string"
                      }
                    },
                    "required": [
                      "AllowContentTypes",
                      "BaseTemplate",
                      "BaseType",
                      "ContentTypesEnabled",
                      "CrawlNonDefaultViews",
                      "Created",
                      "CurrentChangeToken",
                      "DefaultContentApprovalWorkflowId",
                      "DefaultItemOpenUseListSetting",
                      "Description",
                      "Direction",
                      "DisableCommenting",
                      "DisableGridEditing",
                      "DocumentTemplateUrl",
                      "DraftVersionVisibility",
                      "EnableAttachments",
                      "EnableFolderCreation",
                      "EnableMinorVersions",
                      "EnableModeration",
                      "EnableRequestSignOff",
                      "EnableVersioning",
                      "EntityTypeName",
                      "ExemptFromBlockDownloadOfNonViewableFiles",
                      "FileSavePostProcessingEnabled",
                      "ForceCheckout",
                      "HasExternalDataSource",
                      "Hidden",
                      "Id",
                      "ImagePath",
                      "ImageUrl",
                      "DefaultSensitivityLabelForLibrary",
                      "SensitivityLabelToEncryptOnDownloadForLibrary",
                      "IrmEnabled",
                      "IrmExpire",
                      "IrmReject",
                      "IsApplicationList",
                      "IsCatalog",
                      "IsPrivate",
                      "ItemCount",
                      "LastItemDeletedDate",
                      "LastItemModifiedDate",
                      "LastItemUserModifiedDate",
                      "ListExperienceOptions",
                      "ListItemEntityTypeFullName",
                      "MajorVersionLimit",
                      "MajorWithMinorVersionsLimit",
                      "MultipleDataList",
                      "NoCrawl",
                      "ParentWebPath",
                      "ParentWebUrl",
                      "ParserDisabled",
                      "ServerTemplateCanCreateFolders",
                      "TemplateFeatureId",
                      "Title"
                    ]
                  }
                }
              }
            }
          }
        },
        "Apply_to_each": {
          "foreach": "@body('Parse_JSON')?['value']",
          "actions": {
            "Increment_variable": {
              "runAfter": {},
              "metadata": {
                "operationMetadataId": "7e9b0b10-4aff-47d9-bb13-c25f1f5bffd8"
              },
              "type": "IncrementVariable",
              "inputs": {
                "name": "filesCount",
                "value": "@items('Apply_to_each')?['ItemCount']"
              }
            }
          },
          "runAfter": {
            "Parse_JSON": [
              "Succeeded"
            ]
          },
          "metadata": {
            "operationMetadataId": "3e323d72-1f60-4b70-9f15-1628288b32a9"
          },
          "type": "Foreach"
        },
        "Initialize_var_filesCount": {
          "runAfter": {
            "Initialize_variable": [
              "Succeeded"
            ]
          },
          "metadata": {
            "operationMetadataId": "855605e5-a695-4c94-a5c5-3ea10a74c106"
          },
          "type": "InitializeVariable",
          "inputs": {
            "variables": [
              {
                "name": "filesCount",
                "type": "integer"
              }
            ]
          }
        },
        "Update_a_row": {
          "runAfter": {
            "Apply_to_each": [
              "Succeeded"
            ]
          },
          "metadata": {
            "operationMetadataId": "2493fdc9-858f-45f9-b83d-4a6a86af358b"
          },
          "type": "OpenApiConnection",
          "inputs": {
            "host": {
              "connectionName": "shared_commondataserviceforapps",
              "operationId": "UpdateOnlyRecord",
              "apiId": "/providers/Microsoft.PowerApps/apis/shared_commondataserviceforapps"
            },
            "parameters": {
              "entityName": "blis_spsiteses",
              "recordId": "@variables('rowid')",
              "item/blis_numberofdocuments": "@variables('filesCount')"
            },
            "authentication": "@parameters('$authentication')"
          }
        },
        "Initialize_variable": {
          "runAfter": {
            "Initialize_var_spsite": [
              "Succeeded"
            ]
          },
          "metadata": {
            "operationMetadataId": "9c500561-8cab-402c-9a9b-74e09643334b"
          },
          "type": "InitializeVariable",
          "inputs": {
            "variables": [
              {
                "name": "rowid",
                "type": "string",
                "value": "@triggerBody()?['text_1']"
              }
            ]
          }
        }
      }
    },
    "templateName": ""
  },
  "schemaVersion": "1.0.0.0"
}