{
  "properties": {
    "connectionReferences": {
      "shared_webcontents_1": {
        "api": {
          "name": "shared_webcontents"
        },
        "connection": {
          "connectionReferenceLogicalName": "blis_sharedwebcontents_1651f"
        },
        "runtimeSource": "embedded"
      },
      "shared_commondataserviceforapps": {
        "api": {
          "name": "shared_commondataserviceforapps"
        },
        "connection": {
          "connectionReferenceLogicalName": "cr29c_sharedcommondataserviceforapps_7de36"
        },
        "runtimeSource": "embedded"
      },
      "shared_sharepointonline": {
        "api": {
          "name": "shared_sharepointonline"
        },
        "connection": {
          "connectionReferenceLogicalName": "new_sharedsharepointonline_98488"
        },
        "runtimeSource": "embedded"
      }
    },
    "definition": {
      "$schema": "https://schema.management.azure.com/providers/Microsoft.Logic/schemas/2016-06-01/workflowdefinition.json#",
      "contentVersion": "1.0.0.0",
      "parameters": {
        "$authentication": {
          "defaultValue": {},
          "type": "SecureObject"
        },
        "$connections": {
          "defaultValue": {},
          "type": "Object"
        }
      },
      "triggers": {
        "manual": {
          "type": "Request",
          "kind": "PowerAppV2",
          "inputs": {
            "schema": {
              "type": "object",
              "properties": {},
              "required": []
            }
          },
          "metadata": {
            "operationMetadataId": "e4b32573-33e2-4a63-8d8f-194008fb4061"
          }
        }
      },
      "actions": {
        "Respond_to_a_Power_App_or_flow": {
          "type": "Response",
          "kind": "PowerApp",
          "inputs": {
            "schema": {
              "type": "object",
              "properties": {},
              "additionalProperties": {}
            },
            "statusCode": 200,
            "body": {}
          },
          "runAfter": {
            "Apply_to_each": [
              "Succeeded",
              "Failed",
              "TimedOut",
              "Skipped"
            ]
          },
          "metadata": {
            "operationMetadataId": "da0c133c-f0b5-42e0-a9b5-99ac79ed4cbe"
          }
        },
        "Invoke_an_HTTP_request": {
          "type": "OpenApiConnection",
          "inputs": {
            "parameters": {
              "request/method": "GET",
              "request/url": "https://graph.microsoft.com/v1.0/sites?search=*",
              "request/headers": {
                "Accept": "application/json"
              }
            },
            "host": {
              "apiId": "/providers/Microsoft.PowerApps/apis/shared_webcontents",
              "operationId": "InvokeHttp",
              "connectionName": "shared_webcontents_1"
            }
          },
          "runAfter": {},
          "metadata": {
            "operationMetadataId": "c43da056-c3d6-4b68-af66-6bc1faa4fef5"
          }
        },
        "Parse_JSON": {
          "type": "ParseJson",
          "inputs": {
            "content": "@body('Invoke_an_HTTP_request')",
            "schema": {
              "type": "object",
              "properties": {
                "@@odata.context": {
                  "type": "string"
                },
                "@@odata.nextLink": {
                  "type": "string"
                },
                "value": {
                  "type": "array",
                  "items": {
                    "type": "object",
                    "properties": {
                      "createdDateTime": {
                        "type": "string"
                      },
                      "id": {
                        "type": "string"
                      },
                      "lastModifiedDateTime": {
                        "type": "string"
                      },
                      "name": {
                        "type": "string"
                      },
                      "webUrl": {
                        "type": "string"
                      },
                      "displayName": {
                        "type": "string"
                      },
                      "root": {
                        "type": "object",
                        "properties": {}
                      },
                      "siteCollection": {
                        "type": "object",
                        "properties": {
                          "hostname": {
                            "type": "string"
                          }
                        }
                      },
                      "description": {
                        "type": "string"
                      }
                    },
                    "required": []
                  }
                }
              }
            }
          },
          "runAfter": {
            "Invoke_an_HTTP_request": [
              "Succeeded"
            ]
          },
          "metadata": {
            "operationMetadataId": "eb07b0f4-0b16-4beb-ab8f-c63ce463fa4d"
          }
        },
        "Apply_to_each": {
          "type": "Foreach",
          "foreach": "@body('Parse_JSON')?['value']",
          "actions": {
            "List_rows": {
              "type": "OpenApiConnection",
              "inputs": {
                "parameters": {
                  "entityName": "blis_spsiteses",
                  "$filter": "blis_url eq '@{items('Apply_to_each')?['webUrl']}'"
                },
                "host": {
                  "apiId": "/providers/Microsoft.PowerApps/apis/shared_commondataserviceforapps",
                  "operationId": "ListRecords",
                  "connectionName": "shared_commondataserviceforapps"
                }
              },
              "metadata": {
                "operationMetadataId": "a4a36a53-b18a-4bf3-85bb-f7587894fb96"
              }
            },
            "Condition": {
              "type": "If",
              "expression": {
                "equals": [
                  "@length(outputs('List_rows')?['body/value'])",
                  0
                ]
              },
              "actions": {
                "Add_a_new_row": {
                  "type": "OpenApiConnection",
                  "inputs": {
                    "parameters": {
                      "entityName": "blis_spsiteses",
                      "item/blis_name": "@items('Apply_to_each')?['displayName']",
                      "item/blis_archivestatus": "Start",
                      "item/blis_lastmodifieddatetime": "@item()?['lastModifiedDateTime']",
                      "item/blis_sitecreation": "@item()?['createdDateTime']",
                      "item/blis_sitedescription": "@item()?['description']",
                      "item/blis_sitehits": "@body('Parse_JSON_1')?['d']?['Usage']?['Hits']",
                      "item/blis_sitestorageused": "@body('Parse_JSON_1')?['d']?['Usage']?['Storage']",
                      "item/blis_url": "@items('Apply_to_each')?['webUrl']"
                    },
                    "host": {
                      "apiId": "/providers/Microsoft.PowerApps/apis/shared_commondataserviceforapps",
                      "operationId": "CreateRecord",
                      "connectionName": "shared_commondataserviceforapps"
                    }
                  },
                  "metadata": {
                    "operationMetadataId": "ca1e6222-9850-4a21-b66c-f50ba59a02c2"
                  }
                }
              },
              "else": {
                "actions": {
                  "For_each": {
                    "type": "Foreach",
                    "foreach": "@outputs('List_rows')?['body/value']",
                    "actions": {
                      "Update_a_row": {
                        "type": "OpenApiConnection",
                        "inputs": {
                          "parameters": {
                            "entityName": "blis_spsiteses",
                            "recordId": "@first(outputs('List_rows')?['body/value'])?['blis_spsitesid']",
                            "item/blis_sitehits": "@body('Parse_JSON_1')?['d']?['Usage']?['Hits']",
                            "item/blis_sitestorageused": "@body('Parse_JSON_1')?['d']?['Usage']?['Storage']"
                          },
                          "host": {
                            "apiId": "/providers/Microsoft.PowerApps/apis/shared_commondataserviceforapps",
                            "operationId": "UpdateOnlyRecord",
                            "connectionName": "shared_commondataserviceforapps"
                          }
                        },
                        "metadata": {
                          "operationMetadataId": "eb86c562-e6e8-44ac-b633-75ff6e366241"
                        }
                      }
                    },
                    "metadata": {
                      "operationMetadataId": "214e1d6b-5337-47ca-a89c-b938dbfee61a"
                    }
                  }
                }
              },
              "runAfter": {
                "Parse_JSON_1": [
                  "Succeeded"
                ]
              },
              "metadata": {
                "operationMetadataId": "84fdf23c-c300-4c80-880f-bb688d9c3bdf"
              }
            },
            "Send_an_HTTP_request_to_SharePoint": {
              "type": "OpenApiConnection",
              "inputs": {
                "parameters": {
                  "dataset": "@items('Apply_to_each')?['webUrl']",
                  "parameters/method": "GET",
                  "parameters/uri": "_api/site/usage",
                  "parameters/headers": {
                    "Accept": "application/json;odata=verbose"
                  }
                },
                "host": {
                  "apiId": "/providers/Microsoft.PowerApps/apis/shared_sharepointonline",
                  "operationId": "HttpRequest",
                  "connectionName": "shared_sharepointonline"
                }
              },
              "runAfter": {
                "List_rows": [
                  "Succeeded"
                ]
              },
              "metadata": {
                "operationMetadataId": "2096db97-a985-4949-b071-7db905492d0e"
              }
            },
            "Continu_on_error": {
              "type": "Compose",
              "inputs": "Continu on error: @{actions('Send_an_HTTP_request_to_SharePoint')?['error']?['message']}",
              "runAfter": {
                "Parse_JSON_1": [
                  "Failed",
                  "Skipped",
                  "TimedOut"
                ]
              },
              "metadata": {
                "operationMetadataId": "498cda8a-9d9e-4da5-93b5-4a94aba3ae1e"
              }
            },
            "Parse_JSON_1": {
              "type": "ParseJson",
              "inputs": {
                "content": "@body('Send_an_HTTP_request_to_SharePoint')",
                "schema": {
                  "type": "object",
                  "properties": {
                    "d": {
                      "type": "object",
                      "properties": {
                        "Usage": {
                          "type": "object",
                          "properties": {
                            "__metadata": {
                              "type": "object",
                              "properties": {
                                "type": {
                                  "type": "string"
                                }
                              }
                            },
                            "Bandwidth": {
                              "type": "string"
                            },
                            "DiscussionStorage": {
                              "type": "string"
                            },
                            "Hits": {
                              "type": "string"
                            },
                            "Storage": {
                              "type": "string"
                            },
                            "StoragePercentageUsed": {
                              "type": "number"
                            },
                            "Visits": {
                              "type": "string"
                            }
                          }
                        }
                      }
                    }
                  }
                }
              },
              "runAfter": {
                "Send_an_HTTP_request_to_SharePoint": [
                  "Succeeded"
                ]
              },
              "metadata": {
                "operationMetadataId": "69e67aa5-9c70-4e41-9c3e-f21375dc005b"
              }
            }
          },
          "runAfter": {
            "Parse_JSON": [
              "Succeeded"
            ]
          },
          "runtimeConfiguration": {
            "concurrency": {
              "repetitions": 20
            }
          },
          "metadata": {
            "operationMetadataId": "cb63a5b4-c4eb-4e13-a212-e2751e80f440"
          }
        }
      }
    },
    "templateName": null
  },
  "schemaVersion": "1.0.0.0"
}